[{"name":"SinjoroJoCrafter","uuid":"84bbbcfe-b0cc-464f-8077-90d10d3c2cbc","expiresOn":"2019-09-30 18:20:41 -0500"},{"name":"AlexDurrani","uuid":"0b2fbfa8-a00b-4305-a671-814f6263b7da","expiresOn":"2019-06-02 17:52:54 -0500"},{"name":"_TheEndless_","uuid":"470e24d6-238a-4460-802e-b6dca5cce573","expiresOn":"2019-06-02 17:52:54 -0500"},{"name":"mysticdrew","uuid":"79f597fe-2877-4ecb-acdf-8c58cc1854ca","expiresOn":"2019-06-02 17:52:54 -0500"},{"name":"techbrew","uuid":"a2039b6c-5a3d-407d-b49c-091405062b85","expiresOn":"2019-06-02 17:52:54 -0500"},{"name":"EladJenkins","uuid":"dad4582b-db4b-4580-a332-aeb40dd21986","expiresOn":"2019-06-02 17:52:55 -0500"}]